"","ARI","n.clusters","runtime","seed"
"1",0,0,0,0
"2",0.436607506772844,7,164.10518130064,NA
"3",0.436607506772844,7,165.586208534241,NA
"4",0.436607506772844,7,166.161559482416,NA
"5",0.436607506772844,7,162.597159683704,NA
"6",0,0,0,0
"7",0,0,0,0
"8",0,0,0,0
"9",0,0,0,0
"10",0,0,0,0
