"","ARI","n.clusters","runtime","seed"
"1",0.291086400793502,35,33.03162428538,87357801.5470224
"2",0.291086400793502,35,32.7453821659088,1017782908.7956
"3",0.291086400793502,35,32.6404280980428,1259415841.05181
"4",0,0,0,0
"5",0,0,0,0
"6",0,0,0,0
"7",0,0,0,0
"8",0,0,0,0
"9",0,0,0,0
"10",0,0,0,0
