"","ARI","n.clusters","runtime","seed"
"1",-0.000416947218556367,13,55.2083833813667,827672525.908069
"2",0,0,0,0
"3",0,0,0,0
"4",0,0,0,0
"5",0,0,0,0
"6",0,0,0,0
"7",0,0,0,0
"8",0,0,0,0
"9",0,0,0,0
"10",0,0,0,0
