"","ARI","n.clusters","runtime","seed"
"1",0.0965237339558079,9,23.115439983209,NA
"2",0.0965237339558079,9,23.1038746674856,NA
"3",0.0965237339558079,9,23.1648324012756,NA
"4",0,0,0,0
"5",0,0,0,0
"6",0,0,0,0
"7",0,0,0,0
"8",0,0,0,0
"9",0,0,0,0
"10",0,0,0,0
