"","ARI","n.clusters","runtime","seed"
"1",0.00767624141990933,9,21.7492438316345,NA
"2",0,0,0,0
"3",0,0,0,0
"4",0,0,0,0
"5",0,0,0,0
"6",0,0,0,0
"7",0,0,0,0
"8",0,0,0,0
"9",0,0,0,0
"10",0,0,0,0
