"","ARI","n.clusters","runtime","seed"
"1",0.290186785044729,18,0.599875617027283,1326648829.43883
"2",0.286268227016187,18,0.576403117179871,1482441934.94812
"3",0.290607835353437,18,0.59755083322525,1485635630.68815
"4",0,0,0,0
"5",0,0,0,0
"6",0,0,0,0
"7",0,0,0,0
"8",0,0,0,0
"9",0,0,0,0
"10",0,0,0,0
