"","ARI","n.clusters","runtime","seed"
"1",0.753121950550733,11,32.6573029001554,976007140.948621
"2",0.764310775126704,11,32.125032333533,1579001338.38886
"3",0.749288006288719,11,32.5928424318631,636425808.104433
"4",0,0,0,0
"5",0,0,0,0
"6",0,0,0,0
"7",0,0,0,0
"8",0,0,0,0
"9",0,0,0,0
"10",0,0,0,0
