"","ARI","n.clusters","runtime","seed"
"1",0.4125859053503,9,69.2111630678177,1052482109.29931
"2",0.4125859053503,9,68.2966910839081,1429360680.92687
"3",0.4125859053503,9,67.7276074012121,328509396.489458
"4",0.4125859053503,9,66.7790924986204,1241785809.54876
"5",0.4125859053503,9,70.4720230817795,1156844198.89858
"6",0,0,0,0
"7",0,0,0,0
"8",0,0,0,0
"9",0,0,0,0
"10",0,0,0,0
